{
  "train_losses": [
    0.47508216433970213,
    0.25097072225831013,
    0.1899650511927331,
    0.17182098169085483,
    0.14559850252061948,
    0.14333887210489749,
    0.127614997670284,
    0.12443903592946094,
    0.10591591753348362,
    0.10786839805166525,
    0.11192707380761414,
    0.1009038858933018,
    0.0996673471846358,
    0.09448548210149166,
    0.09249458796013334,
    0.0883839969104595,
    0.08086913605237922,
    0.0900756674050346,
    0.08436120706414434,
    0.07622046873689621,
    0.0842504373603475,
    0.07643002226148578,
    0.08163309927204652,
    0.0708756003168627,
    0.07728086667484318,
    0.07480164992527948,
    0.07457987592757698,
    0.06376143115907965,
    0.06527692959510692,
    0.0732374229781183,
    0.06281739437889336,
    0.07742139156864229,
    0.060836826475866364,
    0.06534619599058802,
    0.07030998409325334,
    0.06977693009626179,
    0.0594860978332989,
    0.06304273909612977,
    0.06373536389681968,
    0.05688740675752462,
    0.061709181128988544,
    0.06474441765522146,
    0.06625437454327364,
    0.06224466028487846,
    0.06371629969913827,
    0.06334093902758899,
    0.05678200646838516,
    0.05543656384350447,
    0.05685411886754383,
    0.05707345966285441,
    0.05261203304253324,
    0.059769318188719125,
    0.06767718966570534,
    0.048424242161389575,
    0.056177082010185675,
    0.04876939734702182,
    0.053794559033715626,
    0.05605010311862507,
    0.057417424019946685,
    0.05067706973952371,
    0.05690237471346778,
    0.046908965766771525,
    0.059659610683258806,
    0.05647755005380829
  ],
  "test_loss": [
    0.42292070597600023,
    0.4098479113286468,
    0.38547969524078307,
    0.3433602884838915,
    0.3130473825772097,
    0.4083208809043192,
    0.35388112236644814,
    0.3730373498883579,
    0.45438779647325633,
    0.46025144655233735,
    0.4097057575727724,
    0.3573381739318561,
    0.4442624254582248,
    0.405654789304515,
    0.5037125281835343,
    0.47494105254136343,
    0.5995926606427332,
    0.5052862261243277,
    0.4230392600731682,
    0.6888557093549419,
    0.5440080093570605,
    0.49432013662410595,
    0.503951956173939,
    0.5335791832411507,
    0.5441296846910965,
    0.7084676294949404,
    0.5037314516905017,
    0.49347745681567684,
    0.5973208549204074,
    0.6556799042092007,
    0.5393079561290738,
    0.5338035187295455,
    0.6023084117338035,
    0.5898543003896074,
    0.6155511874569598,
    0.5775322785881306,
    0.6386811490597761,
    0.5774189850047029,
    0.5936597984413083,
    0.6292030184139299,
    0.8289727296018053,
    0.6211919913592644,
    0.5753891869507515,
    0.7436766861304885,
    0.7707136375477366,
    0.6683063636842379,
    0.6304915487227938,
    0.7529835787704745,
    0.8324233192485567,
    0.7430388778626065,
    0.6892700495508316,
    0.8046072127926311,
    0.764966062121249,
    0.7490480911642147,
    0.797437540760691,
    0.7711881142970107,
    0.8890376513598451,
    0.8507291666218332,
    0.7692088926692325,
    0.9537076156896686,
    0.9923181253745648,
    0.9214407720719001,
    0.8249369207584257,
    0.8006189693569815
  ],
  "test_accuracy": [
    0.8742038011550903,
    0.8819665312767029,
    0.8871417045593262,
    0.8921178579330444,
    0.9094347357749939,
    0.9014729261398315,
    0.9070461988449097,
    0.9102308750152588,
    0.8955016136169434,
    0.8966958522796631,
    0.9036624431610107,
    0.9219745397567749,
    0.9114251732826233,
    0.9148089289665222,
    0.9116241931915283,
    0.9144108295440674,
    0.8980891704559326,
    0.912420392036438,
    0.9219745397567749,
    0.9058519005775452,
    0.9132165312767029,
    0.9205812215805054,
    0.9128184914588928,
    0.9158041477203369,
    0.9100318551063538,
    0.9014729261398315,
    0.9219745397567749,
    0.9211783409118652,
    0.9070461988449097,
    0.9016719460487366,
    0.9158041477203369,
    0.9082404375076294,
    0.9122213125228882,
    0.9156050682067871,
    0.9142118096351624,
    0.9120222926139832,
    0.9233678579330444,
    0.9197850227355957,
    0.9197850227355957,
    0.9213773608207703,
    0.9160031676292419,
    0.9118232727050781,
    0.9235668778419495,
    0.9158041477203369,
    0.9150079488754272,
    0.9169983863830566,
    0.9221735596656799,
    0.9056528806686401,
    0.9171974658966064,
    0.9092356562614441,
    0.9140127301216125,
    0.9050557613372803,
    0.9118232727050781,
    0.9227706789970398,
    0.915207028388977,
    0.9162022471427917,
    0.9169983863830566,
    0.9209793210029602,
    0.9227706789970398,
    0.918988823890686,
    0.9219745397567749,
    0.9217754602432251,
    0.9175955653190613,
    0.9227706789970398
  ]
}