{
  "train_l": [
    0.7668280319008224,
    0.44673519414823376,
    0.3789664600139765,
    0.3498771842854941,
    0.3224194290216469,
    0.30107563457516073,
    0.2908024717410526,
    0.2816586861031992,
    0.27633943073296696,
    0.2775264819941062
  ],
  "test_l": [
    0.6213457178158365,
    0.47583048876113954,
    0.42484953062264785,
    0.49455853323837756,
    0.4293156787278546,
    0.43605844893308865,
    0.42348359596387597,
    0.466622705838293,
    0.44163282862182257,
    0.4719030945710126
  ],
  "acc": [
    0.8150875568389893,
    0.8592754602432251,
    0.8805732727050781,
    0.8664410710334778,
    0.8801751732826233,
    0.8861464858055115,
    0.8960987329483032,
    0.8795780539512634,
    0.8958996534347534,
    0.8943073153495789
  ]
}